id,first_name,last_name,email,gender,ip_address
1,Grantley,Mosdall,gmosdall0@twitter.com,Male,83.190.187.156
2,Glenn,Spensly,gspensly1@google.com.br,Female,38.239.203.82
3,Heddi,Woofenden,hwoofenden2@netvibes.com,Female,149.115.26.84
4,Cesare,Wapplington,cwapplington3@hc360.com,Male,20.219.42.186
5,Kirstin,Garm,kgarm4@nyu.edu,Female,174.228.46.124
6,Krystal,Mungin,kmungin5@nymag.com,Female,185.152.67.64
7,Eduino,Fingleton,efingleton6@tripadvisor.com,Male,83.1.56.199
8,Uriah,Daleman,udaleman7@aboutads.info,Male,45.15.128.231
9,Chris,Kinner,ckinner8@1688.com,Male,207.58.58.171
10,Sylvan,Lanchbury,slanchbury9@fema.gov,Male,187.32.81.172
11,Renault,Nolin,rnolina@simplemachines.org,Male,87.221.38.90
12,Piggy,Gegg,pgeggb@gov.uk,Male,75.55.236.87
13,Shelden,Dikelin,sdikelinc@sbwire.com,Male,62.87.151.95
14,Brockie,Crates,bcratesd@cdc.gov,Male,103.255.108.234
15,Hall,Islep,hislepe@live.com,Male,7.70.201.221
16,Tammie,Ithell,tithellf@earthlink.net,Female,145.143.200.136
17,Mable,Marushak,mmarushakg@sakura.ne.jp,Female,222.172.147.121
18,Boone,Fiveash,bfiveashh@theglobeandmail.com,Male,62.90.139.93
19,Munmro,Seers,mseersi@noaa.gov,Male,242.184.242.80
20,Ferdie,Lougheid,flougheidj@myspace.com,Male,110.115.169.68
21,Nicky,Algar,nalgark@simplemachines.org,Male,235.124.220.128
22,Floria,Gilburt,fgilburtl@purevolume.com,Female,151.15.193.106
23,Larine,McLemon,lmclemonm@ameblo.jp,Female,103.57.92.26
24,Rici,Arnolds,rarnoldsn@nhs.uk,Female,71.26.75.9
25,Cassaundra,Wordesworth,cwordeswortho@mtv.com,Female,100.145.185.59
26,Virgilio,Fagg,vfaggp@amazon.com,Male,116.240.18.123
27,Basia,Fieldgate,bfieldgateq@webeden.co.uk,Female,142.35.235.96
28,Bronson,De Paepe,bdepaeper@istockphoto.com,Male,129.40.154.55
29,Elora,Twigge,etwigges@shop-pro.jp,Female,134.223.162.8
30,Chris,Parry,cparryt@hc360.com,Male,76.59.228.29
31,Pat,Corington,pcoringtonu@goo.gl,Male,107.141.201.82
32,Joscelin,Trivett,jtrivettv@geocities.jp,Female,149.226.30.105
33,Verney,Styles,vstylesw@utexas.edu,Male,156.49.63.72
34,Munmro,Gotcliffe,mgotcliffex@dell.com,Male,181.62.136.201
35,Claudio,Lannon,clannony@oaic.gov.au,Male,38.76.185.208
36,Glenna,Clementel,gclementelz@about.me,Female,229.200.62.108
37,Weidar,Killimister,wkillimister10@tuttocitta.it,Male,223.36.92.118
38,Iggie,Berger,iberger11@dion.ne.jp,Male,207.76.75.83
39,Elga,Maginot,emaginot12@hc360.com,Female,136.89.80.168
40,Chadwick,Furminger,cfurminger13@live.com,Male,238.147.134.194
41,Mordecai,Verrier,mverrier14@tamu.edu,Male,231.152.154.149
42,David,Varcoe,dvarcoe15@com.com,Male,113.93.23.200
43,Eldridge,Matyushonok,ematyushonok16@ucoz.com,Male,102.227.232.114
44,Desdemona,Drewet,ddrewet17@printfriendly.com,Female,26.75.30.50
45,Axel,Rawls,arawls18@macromedia.com,Male,174.123.42.181
46,Sella,Grigorkin,sgrigorkin19@mlb.com,Female,219.133.119.37
47,Annabell,Graham,agraham1a@wordpress.org,Female,64.138.91.184
48,Arielle,Joost,ajoost1b@amazon.co.jp,Female,239.64.19.159
49,Marv,Karsh,mkarsh1c@gizmodo.com,Male,141.51.155.242
50,Margaretta,Charker,mcharker1d@blogtalkradio.com,Female,143.112.184.129
51,Giacinta,Sharkey,gsharkey1e@sphinn.com,Female,253.196.65.153
52,Fionnula,McCallister,fmccallister1f@icio.us,Female,175.211.65.208
53,Lyon,Riceards,lriceards1g@loc.gov,Male,64.127.232.61
54,Dyane,Widd,dwidd1h@unblog.fr,Female,45.97.50.189
55,Saw,Ingerith,singerith1i@jalbum.net,Male,117.225.96.71
56,Sharyl,Haggerwood,shaggerwood1j@independent.co.uk,Female,142.182.169.255
57,Terencio,Sanger,tsanger1k@cdbaby.com,Male,103.253.95.188
58,Krispin,Dunhill,kdunhill1l@dion.ne.jp,Male,169.200.90.169
59,Daveta,Edel,dedel1m@t.co,Female,215.87.110.17
60,Rubie,Dunsmore,rdunsmore1n@delicious.com,Female,58.25.217.243
61,Ailsun,Matei,amatei1o@technorati.com,Female,133.198.234.82
62,Rawley,Van Bruggen,rvanbruggen1p@phpbb.com,Male,249.150.78.113
63,Roda,Grundell,rgrundell1q@ameblo.jp,Female,156.200.18.231
64,Neely,Moorcraft,nmoorcraft1r@who.int,Female,73.235.72.201
65,Rona,Habgood,rhabgood1s@un.org,Female,178.160.177.160
66,Filide,Szymanek,fszymanek1t@furl.net,Female,27.210.68.23
67,Loella,Winslet,lwinslet1u@latimes.com,Female,207.110.31.52
68,Corrine,Vispo,cvispo1v@ucsd.edu,Female,127.98.102.136
69,Ramona,Simoncini,rsimoncini1w@163.com,Female,133.53.200.47
70,Lester,Britcher,lbritcher1x@blogtalkradio.com,Male,247.28.234.196
71,Lothario,Fursse,lfursse1y@virginia.edu,Male,50.213.152.155
72,Rubie,Dowyer,rdowyer1z@constantcontact.com,Female,30.154.252.81
73,Ezechiel,Mayler,emayler20@gov.uk,Male,53.250.252.144
74,Cullin,Pattie,cpattie21@canalblog.com,Male,111.186.33.74
75,Domini,Markussen,dmarkussen22@sphinn.com,Female,25.7.83.194
76,Egon,Leathard,eleathard23@symantec.com,Male,122.84.244.173
77,Jodi,Shuttleworth,jshuttleworth24@marketwatch.com,Female,248.184.80.99
78,Britte,Daniell,bdaniell25@plala.or.jp,Female,146.137.195.73
79,Brina,Clearie,bclearie26@dailymail.co.uk,Female,118.10.235.152
80,Trevor,Cheak,tcheak27@sitemeter.com,Male,230.204.192.76
81,Yves,Evitts,yevitts28@eventbrite.com,Male,1.34.194.215
82,Saundra,Normanell,snormanell29@walmart.com,Male,204.25.147.21
83,Esmaria,Betho,ebetho2a@de.vu,Female,169.25.80.19
84,Ysabel,Maggi,ymaggi2b@craigslist.org,Female,49.195.186.120
85,Madison,Bentje,mbentje2c@virginia.edu,Male,213.255.33.61
86,Arluene,Pomfret,apomfret2d@blinklist.com,Female,84.130.177.66
87,Vinnie,Pavolini,vpavolini2e@who.int,Male,252.10.26.125
88,Golda,Esherwood,gesherwood2f@123-reg.co.uk,Female,158.67.19.247
89,Miguel,Abramin,mabramin2g@themeforest.net,Male,176.40.111.66
90,Ramsey,Laverock,rlaverock2h@scribd.com,Male,238.201.41.30
91,Lorrin,Brandone,lbrandone2i@smh.com.au,Female,239.99.183.161
92,Palmer,Dobbings,pdobbings2j@canalblog.com,Male,247.58.49.138
93,Ranice,Fache,rfache2k@buzzfeed.com,Female,38.28.255.54
94,Lyndy,Messam,lmessam2l@epa.gov,Female,199.205.157.133
95,Cecil,Giercke,cgiercke2m@fema.gov,Male,198.78.0.184
96,Ike,Piddocke,ipiddocke2n@blogger.com,Male,234.124.96.27
97,Pall,Beckett,pbeckett2o@lulu.com,Male,53.30.38.89
98,Babs,Scoyles,bscoyles2p@tripod.com,Female,25.155.202.235
99,Jaimie,Tirrey,jtirrey2q@merriam-webster.com,Male,180.8.162.237
100,Royce,Davidavidovics,rdavidavidovics2r@google.com.hk,Male,154.116.47.242
101,Clark,Geyton,cgeyton2s@mlb.com,Male,235.157.236.119
102,Verge,Scrane,vscrane2t@com.com,Male,10.254.177.127
103,Dwain,Lambourn,dlambourn2u@istockphoto.com,Male,251.21.248.195
104,Edin,Crankshaw,ecrankshaw2v@nsw.gov.au,Female,239.15.163.86
105,Cary,Goodred,cgoodred2w@wufoo.com,Female,86.65.255.179
106,Rasia,Formigli,rformigli2x@angelfire.com,Female,94.208.72.252
107,Elvera,Ritchie,eritchie2y@prnewswire.com,Female,234.223.222.191
108,Lesley,Caney,lcaney2z@wufoo.com,Male,236.115.237.162
109,Kelsi,Briant,kbriant30@bloomberg.com,Female,89.122.45.142
110,Derry,Checchetelli,dchecchetelli31@uiuc.edu,Male,242.243.172.163
111,Wald,Trembey,wtrembey32@wikia.com,Male,12.228.37.144
112,Carver,Jenman,cjenman33@mapquest.com,Male,96.83.56.4
113,Myranda,Deplacido,mdeplacido34@fastcompany.com,Female,10.142.27.113
114,Nealy,Hidderley,nhidderley35@craigslist.org,Male,16.155.70.118
115,Boyd,Glassard,bglassard36@hibu.com,Male,89.148.167.15
116,Nicolas,Kruse,nkruse37@imageshack.us,Male,200.184.74.106
117,Ben,Fernant,bfernant38@businessweek.com,Male,174.47.210.73
118,Ginnie,Willishire,gwillishire39@walmart.com,Female,108.222.174.208
119,Toinette,Keoghane,tkeoghane3a@wikia.com,Female,150.192.92.119
120,Giselbert,German,ggerman3b@google.co.uk,Male,106.6.124.195
121,Jared,Filipchikov,jfilipchikov3c@networksolutions.com,Male,110.138.33.43
122,Martainn,Cattini,mcattini3d@shareasale.com,Male,254.122.248.222
123,Antoine,Rosberg,arosberg3e@weibo.com,Male,137.165.112.130
124,Eward,Layfield,elayfield3f@shop-pro.jp,Male,10.31.209.72
125,Queenie,Sagar,qsagar3g@hhs.gov,Female,236.219.86.129
126,Ingar,Dunan,idunan3h@mac.com,Male,71.255.78.255
127,Dame,Dybbe,ddybbe3i@who.int,Male,130.26.121.196
128,Brunhilde,Olliar,bolliar3j@cyberchimps.com,Female,242.148.174.71
129,Killy,Schwaiger,kschwaiger3k@t.co,Male,105.88.116.206
130,Zola,Rugiero,zrugiero3l@myspace.com,Female,211.156.224.171
131,Terry,Bellhouse,tbellhouse3m@reuters.com,Female,43.41.46.72
132,Persis,Jouning,pjouning3n@bizjournals.com,Female,71.202.74.31
133,Gabie,Avrahamoff,gavrahamoff3o@telegraph.co.uk,Male,122.218.199.56
134,Shelley,Bridell,sbridell3p@blogger.com,Male,156.0.202.194
135,Oby,Le Barr,olebarr3q@cocolog-nifty.com,Male,67.180.141.53
136,Bob,Tuck,btuck3r@dion.ne.jp,Male,89.43.206.193
137,Whitney,Penhaligon,wpenhaligon3s@redcross.org,Female,7.30.201.42
138,Orion,Tritton,otritton3t@state.tx.us,Male,131.148.159.40
139,Wolfie,Boyack,wboyack3u@java.com,Male,181.7.20.214
140,Claiborn,Cabena,ccabena3v@wired.com,Male,49.120.72.53
141,Loutitia,Petriello,lpetriello3w@buzzfeed.com,Female,137.65.168.64
142,Larissa,Watkiss,lwatkiss3x@google.cn,Female,219.227.182.162
143,Rachael,Hazle,rhazle3y@yellowbook.com,Female,14.6.16.133
144,Lydon,Grimditch,lgrimditch3z@chronoengine.com,Male,84.4.77.8
145,Oralie,Hargreves,ohargreves40@blogger.com,Female,48.26.163.254
146,Ashby,Gaize,agaize41@yellowbook.com,Male,87.21.146.214
147,Mikey,Archibald,marchibald42@wisc.edu,Male,197.221.55.6
148,Teddie,Moen,tmoen43@redcross.org,Female,60.121.24.96
149,Loydie,Sandells,lsandells44@timesonline.co.uk,Male,78.189.236.205
150,Obediah,Stitfall,ostitfall45@hc360.com,Male,220.17.130.67
151,Dasie,Elderkin,delderkin46@biglobe.ne.jp,Female,239.61.150.92
152,Guntar,Turfus,gturfus47@opera.com,Male,7.218.196.27
153,Carree,Chark,cchark48@blog.com,Female,44.23.197.160
154,Fulvia,Ruter,fruter49@oakley.com,Female,111.135.16.234
155,Buckie,Dalyell,bdalyell4a@illinois.edu,Male,40.155.115.119
156,Martainn,Benne,mbenne4b@cyberchimps.com,Male,13.18.171.72
157,Fabiano,Burstow,fburstow4c@army.mil,Male,12.205.143.101
158,Sunshine,Gotmann,sgotmann4d@soundcloud.com,Female,21.77.0.164
159,Dalt,Fronks,dfronks4e@usgs.gov,Male,185.27.219.60
160,Etta,Andric,eandric4f@spiegel.de,Female,98.172.24.237
161,Salim,Eadie,seadie4g@dailymotion.com,Male,108.116.148.241
162,Tripp,Baniard,tbaniard4h@umich.edu,Male,65.90.212.59
163,Abagael,Eastabrook,aeastabrook4i@twitter.com,Female,31.171.6.63
164,Merell,Foltin,mfoltin4j@latimes.com,Male,191.123.65.157
165,Florrie,Gimlet,fgimlet4k@vkontakte.ru,Female,112.143.107.103
166,Giff,Fife,gfife4l@google.co.jp,Male,86.188.177.47
167,Louisa,Pickance,lpickance4m@homestead.com,Female,182.196.73.60
168,Salvador,Wessel,swessel4n@archive.org,Male,183.230.5.12
169,Ivette,Buchan,ibuchan4o@amazon.com,Female,205.237.95.117
170,Llewellyn,Longhorne,llonghorne4p@mlb.com,Male,79.144.66.7
171,Leanna,Liddle,lliddle4q@163.com,Female,84.18.188.251
172,Moise,Chastney,mchastney4r@ustream.tv,Male,231.113.24.131
173,Salmon,Kiltie,skiltie4s@yandex.ru,Male,31.37.52.58
174,Bartholomeo,Stickles,bstickles4t@github.io,Male,152.97.1.17
175,Torey,Hammant,thammant4u@miitbeian.gov.cn,Male,232.223.232.40
176,Lissa,D'Emanuele,ldemanuele4v@adobe.com,Female,216.72.7.91
177,Heloise,Behne,hbehne4w@cdbaby.com,Female,246.82.60.233
178,Chase,Kenforth,ckenforth4x@bing.com,Male,112.223.145.191
179,Audre,Bowton,abowton4y@seattletimes.com,Female,32.79.120.151
180,Maressa,Dun,mdun4z@independent.co.uk,Female,2.191.210.164
181,Vaughn,Grisard,vgrisard50@addtoany.com,Male,104.158.104.130
182,Emory,Hillan,ehillan51@twitter.com,Male,132.159.248.61
183,Hendrick,Brocking,hbrocking52@joomla.org,Male,252.152.179.1
184,Kippar,Giovannelli,kgiovannelli53@businessinsider.com,Male,6.89.226.130
185,Nell,Petrakov,npetrakov54@jimdo.com,Female,50.162.214.111
186,Wynny,Kersting,wkersting55@gizmodo.com,Female,182.58.225.205
187,Shem,Harkness,sharkness56@yale.edu,Male,195.78.193.222
188,Emmanuel,Sainz,esainz57@ftc.gov,Male,47.30.246.56
189,Cecily,Habershaw,chabershaw58@google.com.br,Female,205.169.213.253
190,Dotty,Neeves,dneeves59@gizmodo.com,Female,142.214.90.203
191,Mozes,Taillant,mtaillant5a@ucla.edu,Male,137.171.87.167
192,Patrick,Antcliffe,pantcliffe5b@go.com,Male,247.91.25.109
193,Theadora,Cozby,tcozby5c@fc2.com,Female,7.87.148.16
194,Cordi,Backen,cbacken5d@yolasite.com,Female,234.255.103.128
195,Frederica,Chesworth,fchesworth5e@mysql.com,Female,106.148.182.104
196,Meade,MacNamee,mmacnamee5f@go.com,Male,45.155.71.25
197,Ferdinand,Leatherbarrow,fleatherbarrow5g@ifeng.com,Male,99.212.191.162
198,Hernando,Rilton,hrilton5h@discuz.net,Male,41.121.97.120
199,Berkeley,Tutchings,btutchings5i@aboutads.info,Male,138.185.186.195
200,Cob,Graveney,cgraveney5j@newyorker.com,Male,139.250.11.157
201,Justino,Cominotti,jcominotti5k@twitpic.com,Male,202.236.21.31
202,Roley,Tarpey,rtarpey5l@shareasale.com,Male,58.155.243.81
203,Nickey,Muckloe,nmuckloe5m@princeton.edu,Male,205.240.165.143
204,Sherline,Turl,sturl5n@aboutads.info,Female,251.215.0.115
205,Marylinda,Pasek,mpasek5o@reference.com,Female,171.45.214.184
206,Misti,Cella,mcella5p@friendfeed.com,Female,210.160.77.237
207,Violetta,Belle,vbelle5q@posterous.com,Female,68.77.171.63
208,Darryl,Humbell,dhumbell5r@google.co.jp,Male,113.153.245.7
209,Sholom,Casetta,scasetta5s@elpais.com,Male,64.4.94.222
210,Cly,Denge,cdenge5t@princeton.edu,Male,145.247.45.29
211,Chrysa,Tewkesberrie,ctewkesberrie5u@yellowbook.com,Female,209.152.195.246
212,Kristi,Collum,kcollum5v@jalbum.net,Female,172.209.181.111
213,Doralia,Habens,dhabens5w@eventbrite.com,Female,205.107.95.113
214,Teddy,McAlees,tmcalees5x@hatena.ne.jp,Male,110.14.188.140
215,Lorry,Copley,lcopley5y@gravatar.com,Female,125.240.185.211
216,Levey,Alker,lalker5z@upenn.edu,Male,126.190.218.20
217,Moises,Jedrzejewsky,mjedrzejewsky60@cargocollective.com,Male,37.158.232.180
218,Frieda,Phillcock,fphillcock61@hexun.com,Female,178.183.241.169
219,Victoria,Ingles,vingles62@timesonline.co.uk,Female,229.233.3.27
220,Benoite,Clifforth,bclifforth63@stanford.edu,Female,118.242.79.238
221,Patty,Bernhard,pbernhard64@constantcontact.com,Male,159.27.225.204
222,Jodi,Guilleton,jguilleton65@nature.com,Female,48.133.42.25
223,Allan,Ashwood,aashwood66@1und1.de,Male,67.147.200.150
224,Risa,Petrol,rpetrol67@tamu.edu,Female,141.78.225.185
225,Joyous,Lebreton,jlebreton68@skype.com,Female,145.130.183.1
226,Ange,Frears,afrears69@diigo.com,Male,63.72.163.61
227,Franny,Woolforde,fwoolforde6a@people.com.cn,Female,88.203.227.79
228,Datha,McGeorge,dmcgeorge6b@ovh.net,Female,181.169.183.230
229,Guss,Futty,gfutty6c@odnoklassniki.ru,Male,255.169.171.208
230,Aryn,Mote,amote6d@wp.com,Female,62.227.59.216
231,Link,Cafe,lcafe6e@mac.com,Male,227.6.15.31
232,Selle,McCarter,smccarter6f@naver.com,Female,72.107.239.36
233,Kylie,Berkowitz,kberkowitz6g@nymag.com,Male,219.41.174.62
234,Jsandye,Coldbreath,jcoldbreath6h@cbsnews.com,Female,60.168.9.122
235,Nathanil,Folliott,nfolliott6i@wikia.com,Male,191.221.158.239
236,Ximenes,Scutching,xscutching6j@reverbnation.com,Male,16.172.69.255
237,Lyn,Glen,lglen6k@artisteer.com,Male,119.150.95.73
238,Isaac,McGrayle,imcgrayle6l@jugem.jp,Male,203.89.144.49
239,Eydie,Lebbern,elebbern6m@state.gov,Female,109.166.34.195
240,Edi,Eseler,eeseler6n@a8.net,Female,117.6.120.14
241,Shana,Dalliwater,sdalliwater6o@spotify.com,Female,52.90.119.175
242,Remy,Guiu,rguiu6p@usa.gov,Female,173.155.188.40
243,Glendon,Pateman,gpateman6q@twitpic.com,Male,177.202.105.48
244,Cecilia,Gareisr,cgareisr6r@histats.com,Female,238.31.143.21
245,Emmery,Cavanagh,ecavanagh6s@drupal.org,Male,88.167.98.195
246,Rodge,Kiossel,rkiossel6t@geocities.com,Male,51.42.221.186
247,Silvia,Ducker,sducker6u@google.it,Female,65.84.101.140
248,Washington,Barhems,wbarhems6v@ustream.tv,Male,96.200.145.71
249,Ellyn,Mote,emote6w@cmu.edu,Female,5.250.2.251
250,Shellie,Hawtin,shawtin6x@tuttocitta.it,Female,168.153.126.150
251,Dalia,Chansonnau,dchansonnau6y@jimdo.com,Female,197.161.136.10
252,Dare,Redwin,dredwin6z@shop-pro.jp,Male,230.196.26.134
253,Lamont,Leaver,lleaver70@state.gov,Male,73.152.24.200
254,Alexa,Endrici,aendrici71@skype.com,Female,91.59.21.13
255,Stuart,Pitfield,spitfield72@google.pl,Male,189.105.191.136
256,Fanchette,Hurl,fhurl73@smh.com.au,Female,133.185.44.153
257,Jackie,Caustic,jcaustic74@hostgator.com,Female,110.31.162.243
258,Jeanna,Btham,jbtham75@deliciousdays.com,Female,204.223.132.140
259,Quint,Osband,qosband76@twitpic.com,Male,102.164.32.151
260,Kerianne,MacCafferky,kmaccafferky77@whitehouse.gov,Female,224.125.37.210
261,Derwin,Groarty,dgroarty78@nyu.edu,Male,112.174.107.108
262,Sheila,Millington,smillington79@yellowbook.com,Female,16.159.192.114
263,Hadlee,Kanter,hkanter7a@ebay.co.uk,Male,11.192.16.2
264,Hewet,Dybell,hdybell7b@hexun.com,Male,47.18.19.25
265,Lacy,Colerick,lcolerick7c@cnn.com,Female,19.4.124.19
266,Wash,Siaskowski,wsiaskowski7d@icio.us,Male,56.219.41.14
267,Brigit,Baldree,bbaldree7e@state.tx.us,Female,72.134.189.172
268,Allyn,Gulliver,agulliver7f@webmd.com,Female,168.89.100.71
269,Giselbert,Meakin,gmeakin7g@tmall.com,Male,149.213.85.179
270,Martainn,Gietz,mgietz7h@macromedia.com,Male,103.205.153.146
271,Bronson,Dongles,bdongles7i@tuttocitta.it,Male,7.23.181.53
272,Curcio,Childes,cchildes7j@godaddy.com,Male,127.125.236.35
273,Gardener,Jurca,gjurca7k@freewebs.com,Male,7.120.8.153
274,Frannie,Heck,fheck7l@seattletimes.com,Male,252.102.183.132
275,Falkner,Minucci,fminucci7m@reverbnation.com,Male,222.208.193.182
276,Thaine,Zimmer,tzimmer7n@meetup.com,Male,96.240.243.178
277,Lawrence,Marrion,lmarrion7o@amazon.co.jp,Male,17.143.49.36
278,Elnore,Martel,emartel7p@wix.com,Female,150.76.98.126
279,Derron,Dumbleton,ddumbleton7q@usnews.com,Male,46.64.248.234
280,Nial,Di Biasio,ndibiasio7r@quantcast.com,Male,106.137.247.16
281,Sansone,Burgin,sburgin7s@house.gov,Male,5.20.33.221
282,Sabine,Wrinch,swrinch7t@t.co,Female,176.141.208.171
283,Dorthy,Lindholm,dlindholm7u@sciencedaily.com,Female,248.78.107.176
284,Oliver,Barrabeale,obarrabeale7v@hexun.com,Male,159.135.223.45
285,Bill,Claxson,bclaxson7w@dedecms.com,Female,250.74.235.156
286,Kin,Tessier,ktessier7x@about.com,Male,95.221.126.100
287,Aubrey,Rapport,arapport7y@shinystat.com,Female,56.235.168.22
288,Dorene,Clausner,dclausner7z@uol.com.br,Female,44.40.99.245
289,Poppy,Delafont,pdelafont80@slashdot.org,Female,95.190.114.144
290,Con,Agney,cagney81@google.ca,Male,134.130.234.123
291,Den,Gavrielli,dgavrielli82@soundcloud.com,Male,189.156.93.59
292,Eleonore,Sugg,esugg83@myspace.com,Female,59.255.58.254
293,Ode,Minchi,ominchi84@shutterfly.com,Male,189.14.97.190
294,Maryann,Cowans,mcowans85@simplemachines.org,Female,222.146.77.17
295,Dyana,Deshon,ddeshon86@list-manage.com,Female,186.126.162.211
296,Margi,Gayther,mgayther87@bigcartel.com,Female,39.144.61.57
297,Hazel,Ozanne,hozanne88@tmall.com,Male,146.192.238.124
298,Sapphira,Lampard,slampard89@wp.com,Female,51.219.224.31
299,Mozes,Bonsale,mbonsale8a@webnode.com,Male,29.214.201.83
300,Theressa,Clilverd,tclilverd8b@ycombinator.com,Female,92.95.37.170
301,Murielle,Gerhartz,mgerhartz8c@theglobeandmail.com,Female,172.213.15.175
302,Eliot,Keller,ekeller8d@twitpic.com,Male,118.172.12.195
303,Amity,McTerrelly,amcterrelly8e@nytimes.com,Female,218.74.110.196
304,Emmett,McBryde,emcbryde8f@bloomberg.com,Male,71.194.21.191
305,Andeee,Prosch,aprosch8g@feedburner.com,Female,91.131.125.98
306,Giacopo,Burree,gburree8h@usatoday.com,Male,18.64.150.70
307,John,Smetoun,jsmetoun8i@blogtalkradio.com,Male,235.161.146.133
308,Valli,Locke,vlocke8j@flavors.me,Female,128.18.110.167
309,Piggy,Bielefeld,pbielefeld8k@liveinternet.ru,Male,221.25.239.178
310,Herbie,McCaskill,hmccaskill8l@stanford.edu,Male,59.111.81.127
311,Jordana,Chew,jchew8m@weebly.com,Female,103.149.209.172
312,Roseann,Hildred,rhildred8n@weibo.com,Female,118.129.28.206
313,Electra,Osgardby,eosgardby8o@ca.gov,Female,202.35.237.179
314,Raymund,Vockings,rvockings8p@google.co.jp,Male,189.64.187.69
315,Nikolaos,Adnet,nadnet8q@craigslist.org,Male,108.253.1.82
316,Clemmy,Kitchaside,ckitchaside8r@w3.org,Female,80.75.97.4
317,Kayne,Crucetti,kcrucetti8s@ifeng.com,Male,48.155.108.253
318,Oralia,Sketch,osketch8t@bloglines.com,Female,42.34.101.247
319,Michaelina,Hook,mhook8u@boston.com,Female,218.74.22.41
320,Jude,Nary,jnary8v@cornell.edu,Male,214.6.32.104
321,Jodee,Kopps,jkopps8w@utexas.edu,Female,174.14.33.78
322,Gianna,Fitzer,gfitzer8x@comcast.net,Female,191.144.157.4
323,Blanche,Gibbie,bgibbie8y@nba.com,Female,81.228.217.163
324,Neil,Keyhoe,nkeyhoe8z@skype.com,Male,85.17.138.32
325,Dani,Minghetti,dminghetti90@wsj.com,Female,68.174.40.118
326,Cordula,Vasyutin,cvasyutin91@smugmug.com,Female,241.247.114.38
327,Marisa,Gores,mgores92@walmart.com,Female,43.157.223.66
328,Wye,Gurdon,wgurdon93@moonfruit.com,Male,223.138.118.192
329,Karen,Kynan,kkynan94@360.cn,Female,197.248.1.130
330,Ebenezer,Casol,ecasol95@slashdot.org,Male,194.61.123.237
331,Sigfried,Minchindon,sminchindon96@squarespace.com,Male,113.153.243.148
332,Marion,Escoffrey,mescoffrey97@bravesites.com,Male,54.17.233.240
333,Annabell,Morat,amorat98@intel.com,Female,68.101.137.168
334,Drusy,Mugglestone,dmugglestone99@hibu.com,Female,83.232.131.79
335,Willy,Smolan,wsmolan9a@fotki.com,Female,70.204.211.156
336,Merle,Caruth,mcaruth9b@instagram.com,Male,193.29.2.126
337,Joseito,Kerley,jkerley9c@123-reg.co.uk,Male,77.197.18.204
338,Carleton,Farrier,cfarrier9d@yolasite.com,Male,47.125.21.74
339,Merrill,Bosomworth,mbosomworth9e@theguardian.com,Male,5.28.123.200
340,Adelina,Valens-Smith,avalenssmith9f@vistaprint.com,Female,155.31.2.5
341,Chas,Laidlaw,claidlaw9g@topsy.com,Male,227.172.136.65
342,Erik,Sailer,esailer9h@columbia.edu,Male,74.32.233.9
343,Yank,Fishley,yfishley9i@issuu.com,Male,76.28.196.242
344,Yoshi,Leeds,yleeds9j@bloglines.com,Female,198.86.157.104
345,Arnaldo,Mathan,amathan9k@nasa.gov,Male,66.26.192.90
346,Celestyn,Gerler,cgerler9l@seattletimes.com,Female,223.3.68.41
347,Loleta,Rossey,lrossey9m@umich.edu,Female,79.35.119.7
348,Virgina,Heyburn,vheyburn9n@globo.com,Female,175.24.91.18
349,Joelynn,Silcocks,jsilcocks9o@people.com.cn,Female,61.111.35.18
350,Hal,Saltrese,hsaltrese9p@quantcast.com,Male,230.200.48.153
351,Danette,Tilt,dtilt9q@senate.gov,Female,175.55.4.47
352,Sallee,Di Frisco,sdifrisco9r@usa.gov,Female,252.239.234.136
353,Costanza,Gater,cgater9s@oaic.gov.au,Female,87.229.237.185
354,Harwell,Tonkes,htonkes9t@marketwatch.com,Male,58.52.203.104
355,Robers,Barkas,rbarkas9u@blogger.com,Male,22.55.220.78
356,Eachelle,Pattenden,epattenden9v@t-online.de,Female,114.146.140.134
357,Stormy,Grewar,sgrewar9w@com.com,Female,107.43.216.42
358,Vern,Risborough,vrisborough9x@virginia.edu,Male,55.123.85.246
359,Sileas,Bremen,sbremen9y@amazon.com,Female,215.73.51.110
360,Shaylyn,Khotler,skhotler9z@ucoz.com,Female,139.150.31.192
361,Dwight,Housin,dhousina0@nifty.com,Male,143.249.121.145
362,Celka,Bertin,cbertina1@shareasale.com,Female,168.96.11.87
363,Odetta,McCleverty,omcclevertya2@w3.org,Female,94.124.244.233
364,Igor,Penniall,ipennialla3@miitbeian.gov.cn,Male,237.32.194.180
365,Misha,Hansana,mhansanaa4@t.co,Female,29.217.5.225
366,Vassili,Greyes,vgreyesa5@dropbox.com,Male,149.199.94.250
367,Eugenie,Dyte,edytea6@buzzfeed.com,Female,197.106.72.72
368,Jean,Alred,jalreda7@cornell.edu,Female,199.119.175.87
369,Amandy,Selway,aselwaya8@forbes.com,Female,120.213.122.150
370,Pennie,Swaisland,pswaislanda9@ameblo.jp,Male,50.218.67.194
371,Tabby,Asgodby,tasgodbyaa@wisc.edu,Female,97.201.232.235
372,Artemus,Leadston,aleadstonab@tiny.cc,Male,1.81.159.100
373,Carmita,Ballendine,cballendineac@bravesites.com,Female,134.195.59.37
374,Cesare,Biasetti,cbiasettiad@symantec.com,Male,184.209.230.1
375,Saw,Potkins,spotkinsae@ning.com,Male,206.217.211.158
376,Chrysa,Vanin,cvaninaf@cdbaby.com,Female,24.56.45.111
377,Luz,Laffranconi,llaffranconiag@usatoday.com,Female,162.220.115.87
378,Ruthann,Eisold,reisoldah@mozilla.com,Female,95.136.35.59
379,Maison,Jennick,mjennickai@omniture.com,Male,34.64.99.45
380,Roxi,Schlagh,rschlaghaj@mozilla.com,Female,139.248.185.160
381,Antone,Nattrass,anattrassak@sphinn.com,Male,126.231.90.18
382,Ransell,Teideman,rteidemanal@google.com,Male,205.138.6.91
383,Dore,Dmiterko,ddmiterkoam@bandcamp.com,Male,104.83.239.210
384,Giavani,Le Port,gleportan@phpbb.com,Male,44.154.96.192
385,Lanny,Senior,lseniorao@boston.com,Male,1.147.10.4
386,Lorilyn,Saing,lsaingap@ifeng.com,Female,192.146.30.128
387,Wendall,Chappelow,wchappelowaq@dedecms.com,Male,219.72.153.225
388,Brynn,Phelipeau,bphelipeauar@gizmodo.com,Female,45.242.108.112
389,Reider,Bonnavant,rbonnavantas@rakuten.co.jp,Male,198.219.115.197
390,Adlai,Eleshenar,aeleshenarat@japanpost.jp,Male,142.183.125.222
391,Avivah,Bencher,abencherau@sun.com,Female,19.104.51.250
392,Elvyn,Blight,eblightav@hao123.com,Male,66.138.137.153
393,Merry,Ingleton,mingletonaw@telegraph.co.uk,Male,175.138.28.115
394,Dunn,Parcall,dparcallax@webeden.co.uk,Male,74.193.245.123
395,Gates,Czajka,gczajkaay@statcounter.com,Female,101.195.150.236
396,Tamqrah,Titterton,ttittertonaz@is.gd,Female,59.53.61.91
397,Brice,Verlinde,bverlindeb0@netvibes.com,Male,181.193.12.56
398,Kassi,Merill,kmerillb1@icq.com,Female,193.96.84.50
399,Loralyn,Wolters,lwoltersb2@topsy.com,Female,225.235.48.232
400,Mariellen,Warboy,mwarboyb3@xing.com,Female,24.84.187.99
401,Meade,Goldby,mgoldbyb4@hubpages.com,Male,148.120.0.84
402,Reena,Greguoli,rgreguolib5@admin.ch,Female,119.195.112.16
403,Edmund,Padfield,epadfieldb6@woothemes.com,Male,245.244.12.243
404,Correy,Ughetti,cughettib7@feedburner.com,Male,109.48.172.34
405,Kessia,Benion,kbenionb8@army.mil,Female,77.202.1.2
406,Jacklyn,Stoodley,jstoodleyb9@google.de,Female,39.69.100.28
407,Eva,Jorry,ejorryba@odnoklassniki.ru,Female,190.51.181.17
408,Norry,Salkeld,nsalkeldbb@vk.com,Male,26.19.103.20
409,Kynthia,Anchor,kanchorbc@bravesites.com,Female,186.194.15.87
410,Suzann,Dawidowicz,sdawidowiczbd@yahoo.com,Female,194.219.62.134
411,Freeland,Chastelain,fchastelainbe@shop-pro.jp,Male,217.79.196.89
412,Marsh,Pennrington,mpennringtonbf@cisco.com,Male,137.220.20.226
413,Malena,Gronno,mgronnobg@google.pl,Female,154.31.230.231
414,Graeme,Tweedie,gtweediebh@zdnet.com,Male,200.46.179.143
415,Janette,Beldam,jbeldambi@smugmug.com,Female,35.209.158.194
416,Brigg,Thomton,bthomtonbj@stumbleupon.com,Male,137.88.100.164
417,Clayborne,Refford,creffordbk@adobe.com,Male,208.159.108.12
418,Diarmid,Burgis,dburgisbl@deviantart.com,Male,141.180.162.208
419,Geno,Mackie,gmackiebm@photobucket.com,Male,119.56.72.185
420,Dolli,Hubber,dhubberbn@networksolutions.com,Female,192.65.29.129
421,Elvyn,Wrigglesworth,ewrigglesworthbo@ask.com,Male,50.232.247.239
422,Geralda,Trigg,gtriggbp@va.gov,Female,94.109.146.7
423,Adair,Litterick,alitterickbq@spiegel.de,Male,83.126.239.231
424,Abner,Skeete,askeetebr@edublogs.org,Male,60.199.198.176
425,Madel,Beardwood,mbeardwoodbs@imdb.com,Female,27.83.185.162
426,Chiarra,Munkley,cmunkleybt@facebook.com,Female,138.26.152.3
427,Sonia,Baythrop,sbaythropbu@yelp.com,Female,196.236.154.83
428,Benedicto,MacWhan,bmacwhanbv@bloglovin.com,Male,220.16.179.56
429,Rudyard,Merck,rmerckbw@si.edu,Male,43.44.125.180
430,Llywellyn,Brangan,lbranganbx@redcross.org,Male,152.95.137.90
431,Frederic,Hamer,fhamerby@quantcast.com,Male,100.82.93.45
432,Shane,Scahill,sscahillbz@usgs.gov,Female,163.12.169.86
433,Dominique,Gammade,dgammadec0@xrea.com,Female,113.37.5.204
434,Lothario,Ghione,lghionec1@hc360.com,Male,6.248.214.5
435,Jay,Harbin,jharbinc2@imdb.com,Male,184.138.18.225
436,Rosemaria,Cochern,rcochernc3@vkontakte.ru,Female,19.229.42.137
437,Kerry,Dainty,kdaintyc4@home.pl,Female,79.235.68.157
438,Anton,Kollatsch,akollatschc5@mashable.com,Male,4.152.61.69
439,Brendin,Stocks,bstocksc6@friendfeed.com,Male,30.116.216.169
440,Fulvia,Merredy,fmerredyc7@uiuc.edu,Female,164.137.40.76
441,Janna,Vater,jvaterc8@lycos.com,Female,182.186.235.129
442,Coleman,Vernazza,cvernazzac9@tamu.edu,Male,225.233.144.163
443,Martyn,Tremouille,mtremouilleca@mediafire.com,Male,28.79.166.153
444,Drugi,Doeg,ddoegcb@desdev.cn,Male,22.81.211.75
445,Kristian,Gillmor,kgillmorcc@barnesandnoble.com,Male,64.193.44.229
446,Lanita,Cullingford,lcullingfordcd@google.pl,Female,135.114.18.49
447,Christin,Whoolehan,cwhoolehance@macromedia.com,Female,11.205.222.172
448,Stu,Goldine,sgoldinecf@cloudflare.com,Male,116.7.88.115
449,Prudi,Reinmar,preinmarcg@sciencedirect.com,Female,73.218.183.25
450,Jed,Stainland,jstainlandch@accuweather.com,Male,175.216.117.232
451,Hank,Gheerhaert,hgheerhaertci@flickr.com,Male,2.139.189.56
452,Hobard,Swainger,hswaingercj@yelp.com,Male,250.26.231.137
453,Hans,Elsegood,helsegoodck@flavors.me,Male,79.162.79.73
454,Annabal,Bifield,abifieldcl@mac.com,Female,244.81.243.47
455,Nelie,Chelley,nchelleycm@ibm.com,Female,231.53.27.190
456,Rourke,Rheaume,rrheaumecn@sina.com.cn,Male,55.179.12.97
457,Bria,Clementi,bclementico@bloomberg.com,Female,203.230.178.55
458,Brannon,Simonite,bsimonitecp@so-net.ne.jp,Male,92.38.13.36
459,Garik,Townson,gtownsoncq@artisteer.com,Male,104.118.224.187
460,Nani,Hunnable,nhunnablecr@ihg.com,Female,234.236.93.131
461,Say,Scurman,sscurmancs@netscape.com,Male,20.16.124.44
462,Persis,Ellwood,pellwoodct@google.ca,Female,98.160.73.89
463,Janos,Ferrie,jferriecu@nhs.uk,Male,81.228.188.122
464,Vittorio,Drillot,vdrillotcv@wikia.com,Male,72.228.170.198
465,Derry,Paroni,dparonicw@typepad.com,Male,18.208.31.186
466,Owen,Lawlance,olawlancecx@va.gov,Male,14.55.9.212
467,Brad,Cornford,bcornfordcy@google.com.br,Male,13.152.181.218
468,Maynard,Grimsdale,mgrimsdalecz@webeden.co.uk,Male,130.229.219.57
469,Bealle,Bertolin,bbertolind0@adobe.com,Male,15.98.176.247
470,Alberto,Stadden,astaddend1@friendfeed.com,Male,183.83.53.24
471,Lefty,Farden,lfardend2@tuttocitta.it,Male,43.68.235.149
472,Lowrance,Bartoszek,lbartoszekd3@tmall.com,Male,67.118.117.232
473,Fae,McQuie,fmcquied4@telegraph.co.uk,Female,100.210.106.203
474,Delmer,Patullo,dpatullod5@nymag.com,Male,98.25.252.90
475,Raimondo,MacKenzie,rmackenzied6@ehow.com,Male,212.92.91.246
476,Mariana,De Ortega,mdeortegad7@myspace.com,Female,150.68.249.199
477,Nikaniki,Iacomo,niacomod8@stanford.edu,Female,201.14.81.230
478,Brade,Bullar,bbullard9@ihg.com,Male,60.16.100.53
479,Read,Zorro,rzorroda@about.com,Male,101.9.94.57
480,Jolee,Turmel,jturmeldb@e-recht24.de,Female,190.160.205.150
481,Alexis,Ballinger,aballingerdc@vkontakte.ru,Female,67.212.19.198
482,Justina,Bolter,jbolterdd@nytimes.com,Female,185.110.207.156
483,Ernie,Housiaux,ehousiauxde@dmoz.org,Male,93.232.33.60
484,Windy,Pods,wpodsdf@smh.com.au,Female,212.214.8.98
485,Loren,O'Meara,lomearadg@cnbc.com,Male,138.171.18.203
486,Thomasine,Parslow,tparslowdh@shop-pro.jp,Female,176.200.11.174
487,Daryle,Jaqueme,djaquemedi@constantcontact.com,Male,50.108.24.1
488,Hillyer,Winterton,hwintertondj@virginia.edu,Male,105.119.194.63
489,Blinni,Dungey,bdungeydk@amazon.co.uk,Female,240.18.40.137
490,Alberik,Bangs,abangsdl@irs.gov,Male,80.19.89.49
491,Violante,Dallinder,vdallinderdm@ed.gov,Female,80.20.43.122
492,Natale,Fabry,nfabrydn@icq.com,Male,52.212.100.105
493,Nissa,Stanislaw,nstanislawdo@so-net.ne.jp,Female,93.116.0.144
494,Chickie,Hamshar,chamshardp@wordpress.com,Male,93.84.239.52
495,Jermain,Thwaite,jthwaitedq@jigsy.com,Male,41.6.118.60
496,Missie,O'Dougherty,modoughertydr@gov.uk,Female,244.194.154.98
497,Bailey,Catt,bcattds@pinterest.com,Male,164.51.62.14
498,Rafferty,Yurchenko,ryurchenkodt@barnesandnoble.com,Male,92.194.106.18
499,Maryanne,Sandle,msandledu@patch.com,Female,34.146.132.185
500,Hannah,Layton,hlaytondv@addtoany.com,Female,190.163.244.58
501,Fanny,Marion,fmariondw@reverbnation.com,Female,165.192.200.159
502,Jonas,Menendes,jmenendesdx@unesco.org,Male,60.30.244.50
503,Bernie,Ryce,brycedy@google.com,Male,159.14.9.6
504,Mora,Scotchbrook,mscotchbrookdz@toplist.cz,Female,154.59.253.35
505,Paddy,Burchett,pburchette0@pen.io,Male,197.131.47.254
506,Mohandis,Neillans,mneillanse1@behance.net,Male,120.35.26.168
507,Sebastian,Jentet,sjentete2@ucoz.com,Male,138.100.23.178
508,Joni,Aspital,jaspitale3@si.edu,Female,247.18.35.216
509,Olivie,Saller,osallere4@smugmug.com,Female,81.69.77.89
510,Lazaro,Cockling,lcocklinge5@e-recht24.de,Male,35.154.125.148
511,Berty,Uc,buce6@issuu.com,Male,251.151.171.205
512,Dianna,Fallow,dfallowe7@economist.com,Female,196.254.49.139
513,Barby,Herche,bherchee8@eventbrite.com,Female,43.0.61.162
514,Cyndie,Stump,cstumpe9@opera.com,Female,28.49.191.78
515,Lucretia,Batchellor,lbatchellorea@artisteer.com,Female,3.75.117.82
516,Cassy,Drabble,cdrabbleeb@biblegateway.com,Female,125.139.96.56
517,Gabriel,Ferrettini,gferrettiniec@loc.gov,Female,217.8.89.239
518,Brandyn,Mattei,bmatteied@time.com,Male,0.88.230.233
519,Oralie,Shellshear,oshellshearee@pcworld.com,Female,132.88.7.248
520,Martha,Dell 'Orto,mdellortoef@alexa.com,Female,102.55.34.13
521,Jesse,Haken,jhakeneg@ifeng.com,Male,11.55.168.155
522,Doris,Clark,dclarkeh@latimes.com,Female,246.133.254.105
523,Giorgio,Gobeau,ggobeauei@posterous.com,Male,196.26.22.113
524,Letti,Cheavin,lcheavinej@engadget.com,Female,126.96.40.64
525,Tad,Clarson,tclarsonek@hexun.com,Male,120.126.207.62
526,Massimiliano,Estevez,mestevezel@last.fm,Male,7.107.131.10
527,Giacobo,Aymerich,gaymerichem@gizmodo.com,Male,224.64.149.204
528,Bentley,Domanski,bdomanskien@blinklist.com,Male,198.175.95.159
529,Tersina,Borris,tborriseo@i2i.jp,Female,37.68.141.137
530,Nannie,Burrow,nburrowep@tuttocitta.it,Female,160.168.209.192
531,Rhodia,Gullifant,rgullifanteq@jigsy.com,Female,225.241.107.26
532,Lara,Ackred,lackreder@auda.org.au,Female,210.233.116.1
533,Clerkclaude,Warlock,cwarlockes@soundcloud.com,Male,249.121.204.164
534,Abe,Loren,alorenet@cocolog-nifty.com,Male,42.180.139.179
535,Corty,Caughey,ccaugheyeu@blogs.com,Male,108.226.135.86
536,Neddie,Zecchetti,nzecchettiev@marketwatch.com,Male,3.168.228.186
537,Morty,Ockenden,mockendenew@vinaora.com,Male,105.140.75.154
538,Alyse,Casaletto,acasalettoex@nifty.com,Female,122.82.11.192
539,Tatum,Jesse,tjesseey@mozilla.com,Female,98.139.192.248
540,Fred,Beagles,fbeaglesez@webnode.com,Female,141.231.101.86
541,Bern,Osborne,bosbornef0@goodreads.com,Male,118.249.20.211
542,Eleanore,Poinsett,epoinsettf1@berkeley.edu,Female,209.46.191.251
543,Lorenza,Tonnesen,ltonnesenf2@example.com,Female,43.150.150.221
544,Rey,McGiff,rmcgifff3@gov.uk,Male,147.140.136.152
545,Letitia,Bedminster,lbedminsterf4@usda.gov,Female,60.196.140.1
546,Jae,Lehrmann,jlehrmannf5@cnet.com,Male,86.220.192.245
547,Clarie,Gisbey,cgisbeyf6@mozilla.org,Female,63.242.6.23
548,Christian,Tremblay,ctremblayf7@typepad.com,Female,109.109.203.220
549,Adrian,Ollie,aollief8@webs.com,Male,154.225.136.44
550,Alisun,Soppitt,asoppittf9@un.org,Female,240.250.152.226
551,Lucho,Samsin,lsamsinfa@yellowbook.com,Male,22.238.152.26
552,Leonelle,Vlies,lvliesfb@harvard.edu,Female,128.136.225.1
553,Fan,Brayford,fbrayfordfc@reference.com,Female,251.20.147.97
554,Alice,Cutchey,acutcheyfd@nps.gov,Female,137.117.225.43
555,Crissy,Faircley,cfaircleyfe@instagram.com,Female,60.70.251.194
556,Gabie,Eddowis,geddowisff@blogs.com,Female,116.210.215.35
557,Farra,Middleweek,fmiddleweekfg@japanpost.jp,Female,16.61.59.203
558,Gabriello,Oakenfall,goakenfallfh@xing.com,Male,255.228.81.95
559,Gerrie,Bonnyson,gbonnysonfi@discuz.net,Female,246.209.67.211
560,Luise,Gadeaux,lgadeauxfj@accuweather.com,Female,51.48.144.9
561,Genevieve,Royan,groyanfk@youku.com,Female,51.74.115.210
562,Abbe,Dilks,adilksfl@craigslist.org,Female,67.149.223.146
563,Shellysheldon,Cundey,scundeyfm@google.pl,Male,18.159.47.213
564,Betty,Cerie,bceriefn@addthis.com,Female,36.42.70.125
565,Nessi,Batram,nbatramfo@goo.ne.jp,Female,196.54.151.211
566,Alexine,Flatley,aflatleyfp@blogger.com,Female,202.158.164.247
567,Abdul,Arnau,aarnaufq@paypal.com,Male,229.238.218.102
568,Wendy,Riddles,wriddlesfr@epa.gov,Female,33.132.63.60
569,Nelson,Mcwhinnie,nmcwhinniefs@sfgate.com,Male,46.116.94.233
570,Colet,Swepson,cswepsonft@amazonaws.com,Male,247.34.103.189
571,Iggie,Shankster,ishanksterfu@businessinsider.com,Male,53.60.129.27
572,Anastasie,Shapiro,ashapirofv@ocn.ne.jp,Female,171.125.161.133
573,Wilburt,Vaudin,wvaudinfw@salon.com,Male,33.23.39.186
574,Mahmud,Dormand,mdormandfx@csmonitor.com,Male,189.30.187.208
575,Aurelea,Wolver,awolverfy@free.fr,Female,128.12.148.0
576,Hedi,Oblein,hobleinfz@delicious.com,Female,30.6.4.52
577,Walden,Sayward,wsaywardg0@mediafire.com,Male,208.226.223.99
578,Terri-jo,Dengate,tdengateg1@clickbank.net,Female,253.73.234.221
579,Seymour,Connerry,sconnerryg2@yelp.com,Male,94.69.34.219
580,Fanya,Leopold,fleopoldg3@netlog.com,Female,82.13.188.177
581,Arlie,Cromb,acrombg4@123-reg.co.uk,Female,222.13.125.196
582,Allina,Casswell,acasswellg5@people.com.cn,Female,176.84.57.240
583,Adora,Binden,abindeng6@plala.or.jp,Female,155.129.11.92
584,Had,Ginnelly,hginnellyg7@bbc.co.uk,Male,212.121.196.79
585,Taryn,Craik,tcraikg8@paypal.com,Female,57.128.149.2
586,Mac,Butteris,mbutterisg9@latimes.com,Male,252.192.67.22
587,Maggi,Zamora,mzamoraga@upenn.edu,Female,230.156.88.111
588,Jayson,Spikeings,jspikeingsgb@free.fr,Male,54.206.72.217
589,Bernardine,Prestige,bprestigegc@twitter.com,Female,18.206.249.51
590,Jone,Carman,jcarmangd@yellowpages.com,Male,0.191.48.108
591,Angeli,Acory,aacoryge@slashdot.org,Male,25.126.199.60
592,Corenda,Buckenhill,cbuckenhillgf@cloudflare.com,Female,234.153.148.194
593,Winny,Arlett,warlettgg@free.fr,Male,246.143.193.196
594,Moshe,Tuxsell,mtuxsellgh@mail.ru,Male,211.55.201.119
595,Valida,Kenneway,vkennewaygi@va.gov,Female,50.159.61.171
596,Vivienne,Blasiak,vblasiakgj@pcworld.com,Female,0.214.97.20
597,Stacie,Gladdifh,sgladdifhgk@google.ru,Female,34.200.97.88
598,Brodie,Coleson,bcolesongl@cocolog-nifty.com,Male,217.206.206.127
599,Iorgos,Quiney,iquineygm@bbb.org,Male,166.114.98.197
600,Kris,Jemmett,kjemmettgn@unblog.fr,Male,26.207.235.3
601,Donnamarie,Roy,droygo@dedecms.com,Female,152.45.215.123
602,Michelina,Pockey,mpockeygp@amazon.co.jp,Female,173.81.63.5
603,Chip,Ghelardoni,cghelardonigq@purevolume.com,Male,197.175.72.24
604,Gery,Knaggs,gknaggsgr@cisco.com,Male,55.190.227.143
605,Sallie,Beggan,sbeggangs@xinhuanet.com,Female,237.235.30.208
606,Thomas,McTague,tmctaguegt@privacy.gov.au,Male,243.124.84.78
607,Elsy,Shewen,eshewengu@youku.com,Female,96.166.225.60
608,Ulric,Wathey,uwatheygv@npr.org,Male,68.218.158.78
609,Gabie,Wickey,gwickeygw@surveymonkey.com,Female,34.78.86.243
610,Malva,Jachimczak,mjachimczakgx@linkedin.com,Female,154.87.253.91
611,Laure,Harman,lharmangy@indiegogo.com,Female,128.100.35.179
612,Junette,Poltun,jpoltungz@google.nl,Female,206.164.152.22
613,Aymer,Laybourn,alaybournh0@shinystat.com,Male,176.50.157.107
614,Cos,Fearnley,cfearnleyh1@fotki.com,Male,150.23.167.111
615,Susi,Boards,sboardsh2@fda.gov,Female,19.208.96.18
616,Lutero,Watmore,lwatmoreh3@soundcloud.com,Male,235.120.183.97
617,Odette,Brisard,obrisardh4@google.de,Female,220.221.42.54
618,Raviv,Folomin,rfolominh5@odnoklassniki.ru,Male,103.163.241.205
619,Abramo,Atyeo,aatyeoh6@wired.com,Male,74.47.195.241
620,Mella,Cogzell,mcogzellh7@google.com.hk,Female,159.139.195.210
621,Nataniel,Huyghe,nhuygheh8@tripod.com,Male,229.45.157.123
622,Lorrin,Paoli,lpaolih9@xinhuanet.com,Female,141.221.4.252
623,Mill,Grim,mgrimha@ibm.com,Male,1.195.229.1
624,Ulick,Fordham,ufordhamhb@businessinsider.com,Male,40.95.170.14
625,Sigismond,Kleinzweig,skleinzweighc@walmart.com,Male,21.83.14.151
626,Katlin,Alywin,kalywinhd@howstuffworks.com,Female,55.73.131.190
627,Lil,Matveiko,lmatveikohe@zdnet.com,Female,6.220.13.203
628,Morna,De Bruijn,mdebruijnhf@gnu.org,Female,82.28.190.96
629,Julianna,Billsberry,jbillsberryhg@hibu.com,Female,27.111.6.155
630,Aundrea,Klimuk,aklimukhh@oaic.gov.au,Female,67.230.191.146
631,Shellysheldon,Pryn,sprynhi@home.pl,Male,139.114.43.248
632,Yale,Heinreich,yheinreichhj@woothemes.com,Male,151.21.43.71
633,Katina,Tommasi,ktommasihk@oracle.com,Female,109.158.127.159
634,Belvia,Ladewig,bladewighl@tumblr.com,Female,50.88.68.245
635,Ashton,Mears,amearshm@gizmodo.com,Male,55.9.194.152
636,Nathalie,Extill,nextillhn@ifeng.com,Female,17.176.19.156
637,Germain,Luby,glubyho@flickr.com,Female,82.111.113.125
638,Ralina,Tinklin,rtinklinhp@redcross.org,Female,149.101.25.92
639,Louie,Klaaassen,lklaaassenhq@topsy.com,Male,52.19.23.9
640,Genna,Pacht,gpachthr@unblog.fr,Female,61.222.201.31
641,Aurthur,Rickersey,arickerseyhs@who.int,Male,173.88.174.3
642,Darla,Cosin,dcosinht@lycos.com,Female,130.99.227.220
643,Hunt,De Beauchemp,hdebeauchemphu@etsy.com,Male,135.234.118.158
644,Launce,Cargo,lcargohv@seattletimes.com,Male,237.161.110.215
645,Dyanna,Wetherburn,dwetherburnhw@prnewswire.com,Female,148.191.165.44
646,Garvy,Oehm,goehmhx@slideshare.net,Male,236.136.247.207
647,Cleavland,Leveridge,cleveridgehy@vimeo.com,Male,16.144.70.255
648,Peri,Wrettum,pwrettumhz@live.com,Female,212.74.109.220
649,Beale,Bellwood,bbellwoodi0@nasa.gov,Male,190.82.133.246
650,Tally,Nadin,tnadini1@mail.ru,Male,93.118.220.110
651,Dollie,Arent,darenti2@ox.ac.uk,Female,63.250.164.163
652,Cherey,McKibbin,cmckibbini3@rambler.ru,Female,233.69.130.23
653,Herbert,Inett,hinetti4@boston.com,Male,13.201.51.0
654,Augusto,Kloser,akloseri5@paypal.com,Male,50.233.230.115
655,Ulick,Leads,uleadsi6@shinystat.com,Male,20.54.61.40
656,Kingston,Winkle,kwinklei7@feedburner.com,Male,50.183.38.217
657,Novelia,Pexton,npextoni8@fda.gov,Female,113.127.252.121
658,Timmie,Keneford,tkenefordi9@mlb.com,Female,218.165.228.28
659,Lorrie,Southerill,lsoutherillia@msu.edu,Male,26.226.8.169
660,Wynnie,Gasperi,wgasperiib@mapquest.com,Female,96.129.11.119
661,Baxy,Hince,bhinceic@nyu.edu,Male,111.221.157.190
662,Woody,Tzar,wtzarid@mlb.com,Male,89.29.192.230
663,Ruby,Kahan,rkahanie@pinterest.com,Male,103.83.12.119
664,Cleveland,Cleveland,cclevelandif@yahoo.co.jp,Male,167.146.157.227
665,Dell,Dumpleton,ddumpletonig@usnews.com,Female,64.29.197.239
666,Guendolen,Lowen,glowenih@mit.edu,Female,217.85.212.161
667,Elia,MacCaughey,emaccaugheyii@sina.com.cn,Male,84.17.187.34
668,Dacia,Milmore,dmilmoreij@sbwire.com,Female,176.183.67.38
669,Niki,Zute,nzuteik@cbslocal.com,Male,32.229.26.141
670,Kathye,Cawkill,kcawkillil@freewebs.com,Female,109.78.16.220
671,Ethan,Denizet,edenizetim@theglobeandmail.com,Male,136.139.108.47
672,Ermentrude,Jurgensen,ejurgensenin@howstuffworks.com,Female,248.180.176.45
673,Zsa zsa,Coster,zcosterio@woothemes.com,Female,0.38.136.179
674,Lazare,Jenny,ljennyip@plala.or.jp,Male,126.222.199.155
675,Markus,Ennor,mennoriq@wikispaces.com,Male,105.231.111.197
676,Gardie,Lambourn,glambournir@t.co,Male,166.191.2.127
677,April,Goodinson,agoodinsonis@slideshare.net,Female,119.157.124.112
678,Genevra,Burlay,gburlayit@pcworld.com,Female,236.21.251.255
679,Lamond,Sutterby,lsutterbyiu@jugem.jp,Male,238.128.119.189
680,Cordell,Isgate,cisgateiv@wufoo.com,Male,124.226.177.3
681,Neville,Kunneke,nkunnekeiw@gnu.org,Male,126.153.28.51
682,Auria,Curnick,acurnickix@un.org,Female,138.25.160.211
683,Mandi,Effemy,meffemyiy@telegraph.co.uk,Female,237.37.5.52
684,Obediah,Groneway,ogronewayiz@nasa.gov,Male,187.62.207.122
685,Shantee,Vandrill,svandrillj0@wiley.com,Female,21.165.35.0
686,Ardys,Waple,awaplej1@stumbleupon.com,Female,141.181.118.115
687,Irvin,Daintith,idaintithj2@usatoday.com,Male,52.159.111.189
688,Goldina,Baughen,gbaughenj3@sogou.com,Female,210.248.102.223
689,Joye,Duckerin,jduckerinj4@tmall.com,Female,214.92.223.193
690,Clotilda,Thiolier,cthiolierj5@youtube.com,Female,209.73.186.14
691,Jamison,Cruickshanks,jcruickshanksj6@jigsy.com,Male,114.93.225.110
692,Dru,Penhaleurack,dpenhaleurackj7@rambler.ru,Male,58.204.83.190
693,Winny,Schirok,wschirokj8@so-net.ne.jp,Male,166.76.214.157
694,Corabel,Lucy,clucyj9@tripadvisor.com,Female,174.23.122.189
695,Anett,Cushworth,acushworthja@multiply.com,Female,155.36.104.139
696,Becki,Fenna,bfennajb@fc2.com,Female,235.226.110.243
697,Cybil,Inman,cinmanjc@w3.org,Female,51.195.170.124
698,Ogden,Klimentyev,oklimentyevjd@ted.com,Male,217.84.66.5
699,Amandie,Labusquiere,alabusquiereje@bbc.co.uk,Female,190.122.239.229
700,Tallia,Zmitruk,tzmitrukjf@t.co,Female,117.135.224.210
701,Kriste,Dumphrey,kdumphreyjg@google.com,Female,35.201.198.18
702,Hugues,Bowmaker,hbowmakerjh@histats.com,Male,241.243.214.197
703,Neron,Thames,nthamesji@constantcontact.com,Male,34.20.224.34
704,Nathanial,Berzen,nberzenjj@ucoz.com,Male,95.38.124.32
705,Amil,Drummer,adrummerjk@tamu.edu,Female,254.20.4.40
706,Aldin,Girardot,agirardotjl@samsung.com,Male,97.13.75.35
707,Weylin,Goodwins,wgoodwinsjm@harvard.edu,Male,208.139.229.232
708,Frank,Hodcroft,fhodcroftjn@feedburner.com,Female,23.201.236.108
709,Renaud,Widger,rwidgerjo@oakley.com,Male,19.8.233.131
710,Griffy,Roffe,groffejp@fc2.com,Male,213.48.105.65
711,Christiano,Patriche,cpatrichejq@dropbox.com,Male,237.51.156.255
712,Chrotoem,Renwick,crenwickjr@fema.gov,Male,240.201.70.174
713,Aharon,Righy,arighyjs@parallels.com,Male,85.99.133.150
714,Abbott,Jobbings,ajobbingsjt@adobe.com,Male,185.70.153.190
715,Maridel,Abrahami,mabrahamiju@examiner.com,Female,61.137.228.185
716,Clementine,Bissex,cbissexjv@sciencedirect.com,Female,145.23.219.230
717,Eddie,Shotter,eshotterjw@kickstarter.com,Male,6.230.175.80
718,Diego,Joannidi,djoannidijx@cmu.edu,Male,214.118.72.157
719,Fae,Frankish,ffrankishjy@myspace.com,Female,140.154.96.200
720,Etty,Crusham,ecrushamjz@imgur.com,Female,74.97.92.247
721,Theo,Spurling,tspurlingk0@patch.com,Female,243.107.58.42
722,Donnell,Muggach,dmuggachk1@reddit.com,Male,163.64.21.129
723,Grata,Boffin,gboffink2@si.edu,Female,206.47.224.161
724,Blake,Ginn,bginnk3@desdev.cn,Male,191.60.181.71
725,Shantee,Inglis,singlisk4@boston.com,Female,123.162.106.115
726,Barry,Belison,bbelisonk5@ow.ly,Male,43.137.145.147
727,Aylmar,Kimm,akimmk6@disqus.com,Male,126.60.65.95
728,Isabella,Borsi,iborsik7@springer.com,Female,133.249.108.134
729,Ives,Wasielewski,iwasielewskik8@scribd.com,Male,152.27.134.8
730,Caryl,Worthing,cworthingk9@prnewswire.com,Female,73.255.175.143
731,Rem,Straughan,rstraughanka@census.gov,Male,131.225.122.180
732,Nikki,Wyche,nwychekb@ustream.tv,Male,226.236.164.187
733,Alaric,Sabbin,asabbinkc@vkontakte.ru,Male,106.150.173.186
734,Leyla,Schleswig-Holstein,lschleswigholsteinkd@adobe.com,Female,43.60.227.131
735,Mildred,Gomme,mgommeke@discuz.net,Female,31.76.76.6
736,Kellsie,Wogan,kwogankf@utexas.edu,Female,125.239.233.110
737,Adolph,Wildes,awildeskg@paginegialle.it,Male,140.151.208.184
738,Fay,Drance,fdrancekh@guardian.co.uk,Female,78.123.168.167
739,Karoly,Bluschke,kbluschkeki@ameblo.jp,Female,62.110.79.101
740,Chanda,Maren,cmarenkj@furl.net,Female,241.80.112.237
741,Denyse,Doore,ddoorekk@eventbrite.com,Female,248.149.230.55
742,Allyson,Caig,acaigkl@cafepress.com,Female,202.196.112.81
743,Dukie,Rampling,dramplingkm@google.com.hk,Male,99.142.16.0
744,Amii,Stife,astifekn@studiopress.com,Female,39.253.79.30
745,Nessa,Laverack,nlaverackko@mozilla.org,Female,56.91.170.254
746,Oneida,McGlew,omcglewkp@miitbeian.gov.cn,Female,255.90.165.124
747,Juanita,Beatty,jbeattykq@alexa.com,Female,126.187.193.100
748,Forest,Wyles,fwyleskr@vistaprint.com,Male,9.74.194.205
749,Konstance,Reddihough,kreddihoughks@pcworld.com,Female,25.74.174.21
750,Llewellyn,Jefford,ljeffordkt@rediff.com,Male,96.113.210.11
751,Sadella,Brunger,sbrungerku@soundcloud.com,Female,192.249.204.123
752,Sayre,Sawden,ssawdenkv@domainmarket.com,Male,245.166.162.106
753,Sonnnie,Shorten,sshortenkw@etsy.com,Female,176.41.210.194
754,Selena,Willshee,swillsheekx@amazon.co.jp,Female,35.88.21.9
755,Whittaker,Tincknell,wtincknellky@rambler.ru,Male,158.218.175.240
756,Major,Hayller,mhayllerkz@yellowpages.com,Male,211.116.45.106
757,Fayette,Feldheim,ffeldheiml0@163.com,Female,81.7.61.44
758,Artair,Hilley,ahilleyl1@arizona.edu,Male,130.111.123.194
759,Elinor,Bracchi,ebracchil2@blogger.com,Female,39.198.26.233
760,Zelig,Apfler,zapflerl3@opera.com,Male,56.44.221.100
761,Rupert,Jacquemy,rjacquemyl4@infoseek.co.jp,Male,223.57.198.27
762,Ciro,Yurevich,cyurevichl5@symantec.com,Male,144.202.197.147
763,Hayley,Beneix,hbeneixl6@wufoo.com,Female,96.48.185.240
764,Pippy,Marklin,pmarklinl7@ow.ly,Female,196.64.19.189
765,Adelaida,FitzAlan,afitzalanl8@blogs.com,Female,86.223.21.214
766,Karine,Bearman,kbearmanl9@businesswire.com,Female,6.155.77.59
767,Arnoldo,Piel,apiella@tinypic.com,Male,63.54.6.155
768,Loren,Scarr,lscarrlb@lycos.com,Male,25.110.83.45
769,Gilberto,Lefridge,glefridgelc@blinklist.com,Male,35.187.199.24
770,Alida,Jaulmes,ajaulmesld@t-online.de,Female,124.14.93.121
771,Carlyle,Alstead,calsteadle@nhs.uk,Male,214.58.0.186
772,Jeromy,Krier,jkrierlf@archive.org,Male,82.196.210.95
773,Jeremie,Waugh,jwaughlg@about.com,Male,29.81.29.119
774,Giana,Whether,gwhetherlh@spiegel.de,Female,214.211.225.179
775,Cybill,Guilford,cguilfordli@spiegel.de,Female,200.82.176.71
776,Claudetta,Twentyman,ctwentymanlj@senate.gov,Female,1.63.53.153
777,Timothea,Cresar,tcresarlk@scientificamerican.com,Female,113.138.153.234
778,Nicola,Worstall,nworstallll@oakley.com,Female,250.154.213.63
779,Demetria,Laba,dlabalm@yelp.com,Female,128.170.225.41
780,Inger,Towne,itowneln@sphinn.com,Female,151.228.196.147
781,Willey,Teeney,wteeneylo@google.es,Male,23.165.218.226
782,Janella,Sunnucks,jsunnuckslp@cyberchimps.com,Female,167.181.218.137
783,Gannon,Bonney,gbonneylq@usatoday.com,Male,239.159.54.191
784,Cirilo,Hintzer,chintzerlr@yellowbook.com,Male,179.24.61.135
785,Hildegaard,Coweuppe,hcoweuppels@qq.com,Female,133.192.187.211
786,Genovera,Rawlison,grawlisonlt@bluehost.com,Female,201.14.57.219
787,Mark,Rosell,mroselllu@zdnet.com,Male,159.184.27.141
788,Lida,Claffey,lclaffeylv@examiner.com,Female,164.93.144.149
789,Gustave,Manach,gmanachlw@yahoo.co.jp,Male,246.185.223.183
790,Dorrie,Kick,dkicklx@redcross.org,Female,203.240.11.32
791,Carlynn,Gilardi,cgilardily@umn.edu,Female,239.11.161.74
792,Alexandros,Lampkin,alampkinlz@virginia.edu,Male,55.27.70.10
793,Aubry,Caves,acavesm0@wordpress.org,Female,167.85.227.84
794,Archer,Grigoriev,agrigorievm1@marketwatch.com,Male,110.44.207.103
795,Reeva,Ghion,rghionm2@samsung.com,Female,247.134.61.58
796,Brew,Connealy,bconnealym3@tinypic.com,Male,227.87.115.158
797,Sophey,Riply,sriplym4@php.net,Female,221.58.204.10
798,Nial,Doreward,ndorewardm5@oaic.gov.au,Male,175.204.26.114
799,Orel,Stutte,ostuttem6@amazon.co.uk,Female,69.173.219.111
800,Bobette,Plowman,bplowmanm7@redcross.org,Female,6.132.180.21
801,Maddi,Gadman,mgadmanm8@is.gd,Female,214.98.192.1
802,Lusa,Eliassen,leliassenm9@exblog.jp,Female,230.208.23.104
803,Linnell,Dall,ldallma@elegantthemes.com,Female,169.34.248.23
804,Margeaux,Hurn,mhurnmb@mapquest.com,Female,217.181.34.47
805,Stanislaus,Hurren,shurrenmc@spiegel.de,Male,53.250.43.162
806,Chrissy,Earp,cearpmd@chicagotribune.com,Female,133.190.156.35
807,Sylvester,Pledger,spledgerme@upenn.edu,Male,76.91.134.2
808,Shanda,Postins,spostinsmf@altervista.org,Female,64.197.72.128
809,Giustina,Selley,gselleymg@imdb.com,Female,12.66.151.173
810,Bank,Hehnke,bhehnkemh@jimdo.com,Male,99.5.211.1
811,Cecil,Seakings,cseakingsmi@amazon.co.jp,Male,237.137.199.109
812,Ronnie,Haste,rhastemj@google.com,Male,3.117.249.144
813,Breanne,Wellard,bwellardmk@nhs.uk,Female,188.162.167.154
814,Shelby,Veldman,sveldmanml@sohu.com,Male,88.70.196.45
815,Winny,Gepheart,wgepheartmm@mysql.com,Female,182.53.127.122
816,Aeriell,Bilovsky,abilovskymn@goodreads.com,Female,155.158.154.223
817,Catlin,Matteuzzi,cmatteuzzimo@opera.com,Female,115.179.25.209
818,Thedrick,Hanham,thanhammp@sourceforge.net,Male,139.158.80.186
819,Catrina,Colton,ccoltonmq@macromedia.com,Female,91.76.127.179
820,Kevyn,Crier,kcriermr@so-net.ne.jp,Female,93.225.232.94
821,Aime,Spini,aspinims@deviantart.com,Female,127.233.163.168
822,Maurizio,Bompass,mbompassmt@ustream.tv,Male,35.120.106.132
823,Culley,Lapides,clapidesmu@noaa.gov,Male,80.190.230.101
824,Shanda,Clelland,sclellandmv@washingtonpost.com,Female,85.229.127.242
825,Swen,Hewes,shewesmw@networksolutions.com,Male,120.5.176.154
826,Virgina,Longmaid,vlongmaidmx@hexun.com,Female,97.195.120.211
827,Paulie,Gullyes,pgullyesmy@histats.com,Female,164.21.66.42
828,Ellis,Costock,ecostockmz@miitbeian.gov.cn,Male,22.248.119.235
829,Roze,Gives,rgivesn0@cocolog-nifty.com,Female,174.225.217.162
830,Leroy,Flahy,lflahyn1@wufoo.com,Male,111.27.247.145
831,Lida,Corpe,lcorpen2@slashdot.org,Female,236.225.74.130
832,Ezekiel,Sesons,esesonsn3@uiuc.edu,Male,6.219.110.236
833,Teodor,Heathwood,theathwoodn4@java.com,Male,190.106.180.196
834,Roanne,Smetoun,rsmetounn5@virginia.edu,Female,160.96.124.35
835,Brinn,Kuschek,bkuschekn6@gizmodo.com,Female,115.233.102.193
836,West,Lewsy,wlewsyn7@nydailynews.com,Male,29.206.72.131
837,Fayth,Gillum,fgillumn8@pcworld.com,Female,28.255.43.136
838,Dillie,Philipps,dphilippsn9@about.me,Male,37.255.108.84
839,Liza,Bradane,lbradanena@oakley.com,Female,8.48.136.254
840,Britney,Bradley,bbradleynb@biglobe.ne.jp,Female,53.41.112.41
841,Janella,Bleyman,jbleymannc@reuters.com,Female,43.52.44.90
842,Madison,Duffrie,mduffriend@nba.com,Male,1.249.197.164
843,Barnett,Crissil,bcrissilne@privacy.gov.au,Male,29.22.27.100
844,Rhonda,Smalcombe,rsmalcombenf@flickr.com,Female,237.94.144.29
845,Rogers,Widdowfield,rwiddowfieldng@buzzfeed.com,Male,76.46.62.73
846,Foster,Wittke,fwittkenh@woothemes.com,Male,95.9.189.43
847,Gill,Guslon,gguslonni@upenn.edu,Male,165.48.39.7
848,Cobb,Batie,cbatienj@answers.com,Male,50.194.15.138
849,Noni,Readshaw,nreadshawnk@spiegel.de,Female,35.18.208.154
850,Iggy,Riddock,iriddocknl@weather.com,Male,142.90.45.137
851,Katerina,McClancy,kmcclancynm@livejournal.com,Female,106.120.57.141
852,Tadeas,Morrel,tmorrelnn@wired.com,Male,224.58.82.7
853,Novelia,Monkman,nmonkmanno@samsung.com,Female,64.181.33.161
854,Addy,Swaffer,aswaffernp@bravesites.com,Female,27.239.190.31
855,Tessa,Laytham,tlaythamnq@delicious.com,Female,64.74.22.196
856,Rosemaria,Gateland,rgatelandnr@auda.org.au,Female,247.230.147.182
857,Walt,Mansell,wmansellns@europa.eu,Male,76.194.201.96
858,Glen,Doughtery,gdoughterynt@opensource.org,Male,232.208.112.225
859,Adrienne,Burges,aburgesnu@tuttocitta.it,Female,144.55.218.202
860,Harwell,Hurrion,hhurrionnv@lycos.com,Male,24.214.99.227
861,Harwilll,Cuttles,hcuttlesnw@mashable.com,Male,69.135.95.202
862,Aeriel,Rowlstone,arowlstonenx@cyberchimps.com,Female,227.14.138.237
863,Deirdre,Fulks,dfulksny@clickbank.net,Female,15.64.192.162
864,Yanaton,Corragan,ycorragannz@free.fr,Male,52.61.224.39
865,Kathy,Salerg,ksalergo0@wiley.com,Female,146.79.65.98
866,Garvin,Ellwand,gellwando1@java.com,Male,241.136.179.70
867,Allyn,Droogan,adroogano2@xrea.com,Male,98.126.166.196
868,Ezechiel,Cockett,ecocketto3@merriam-webster.com,Male,106.156.41.233
869,Wenda,Eymer,weymero4@topsy.com,Female,61.2.146.34
870,Corliss,Le Fevre,clefevreo5@typepad.com,Female,238.198.160.222
871,Jamison,Dorin,jdorino6@sakura.ne.jp,Male,22.40.48.181
872,Hagen,Matveichev,hmatveichevo7@bloglovin.com,Male,2.145.25.68
873,Dillon,Seviour,dseviouro8@netvibes.com,Male,6.19.247.59
874,Harry,Arnke,harnkeo9@virginia.edu,Male,123.235.23.103
875,Elden,Cosser,ecosseroa@ibm.com,Male,224.163.1.159
876,Tiler,Godspede,tgodspedeob@sina.com.cn,Male,137.199.76.97
877,Laurie,Bolmann,lbolmannoc@ucla.edu,Male,26.41.231.123
878,Rycca,Arnoud,rarnoudod@xing.com,Female,45.48.201.181
879,Rita,Karys,rkarysoe@unc.edu,Female,241.123.54.130
880,Bar,Exelby,bexelbyof@mediafire.com,Male,177.37.194.11
881,Vania,Usborn,vusbornog@google.com.hk,Female,42.46.192.102
882,Kara,Escott,kescottoh@engadget.com,Female,255.76.35.208
883,Normand,Frontczak,nfrontczakoi@admin.ch,Male,193.170.128.12
884,Henriette,Matokhnin,hmatokhninoj@t-online.de,Female,154.162.75.240
885,Kiel,Shrubshall,kshrubshallok@yahoo.com,Male,253.160.193.169
886,Alyosha,Mulgrew,amulgrewol@dion.ne.jp,Male,110.91.134.42
887,Lesya,Graffham,lgraffhamom@nydailynews.com,Female,91.69.253.130
888,Lee,Balaison,lbalaisonon@feedburner.com,Male,39.81.76.47
889,Aksel,Blacksland,ablackslandoo@free.fr,Male,103.33.21.149
890,Saxon,Drover,sdroverop@nymag.com,Male,241.159.139.56
891,Dunstan,Greatrakes,dgreatrakesoq@time.com,Male,107.90.36.75
892,Daisi,Marriage,dmarriageor@amazonaws.com,Female,131.235.175.225
893,Reese,Braddick,rbraddickos@angelfire.com,Male,124.191.2.137
894,Adrien,Jimpson,ajimpsonot@tuttocitta.it,Male,171.255.56.149
895,Garvey,Lauthian,glauthianou@adobe.com,Male,240.98.118.150
896,Olav,McNeish,omcneishov@amazon.de,Male,183.220.41.54
897,Osbourne,Soans,osoansow@sciencedaily.com,Male,50.81.153.183
898,Adam,Ossenna,aossennaox@wiley.com,Male,247.9.106.107
899,Edlin,Rattenbury,erattenburyoy@ucsd.edu,Male,90.238.172.185
900,Winifield,Cudbird,wcudbirdoz@smugmug.com,Male,189.182.50.27
901,Jacky,Balam,jbalamp0@si.edu,Male,118.120.110.177
902,Merlina,Artus,martusp1@scientificamerican.com,Female,85.202.224.127
903,Eldridge,Gredden,egreddenp2@sciencedaily.com,Male,202.148.189.101
904,Germain,Sheeres,gsheeresp3@smugmug.com,Male,4.148.22.29
905,Diandra,Yates,dyatesp4@vistaprint.com,Female,247.69.53.204
906,Alyosha,O'Driscoll,aodriscollp5@nsw.gov.au,Male,22.86.75.51
907,Charline,Simonini,csimoninip6@xing.com,Female,156.139.135.94
908,Emeline,Olkowicz,eolkowiczp7@nhs.uk,Female,113.109.148.249
909,Yuri,Tidmas,ytidmasp8@hostgator.com,Male,236.164.213.167
910,George,Sarfat,gsarfatp9@dot.gov,Male,216.61.128.134
911,Goldie,Gentery,ggenterypa@eepurl.com,Female,25.14.219.9
912,Rogers,Kidston,rkidstonpb@bizjournals.com,Male,147.199.0.234
913,Sloane,Luard,sluardpc@live.com,Male,248.145.9.181
914,Paulie,Crier,pcrierpd@hhs.gov,Male,250.168.239.71
915,Laurella,Wadworth,lwadworthpe@ustream.tv,Female,254.219.245.16
916,Reggis,Breitler,rbreitlerpf@pagesperso-orange.fr,Male,38.17.242.78
917,Lotta,Daniely,ldanielypg@typepad.com,Female,157.31.254.158
918,Dalila,Vinau,dvinauph@naver.com,Female,180.170.49.117
919,Margette,Peppett,mpeppettpi@elpais.com,Female,31.129.241.7
920,Rutter,Mabon,rmabonpj@wix.com,Male,199.143.134.247
921,Sherwynd,Kyndred,skyndredpk@de.vu,Male,79.170.109.171
922,Iorgos,Gibbings,igibbingspl@gravatar.com,Male,62.75.197.226
923,Enrica,Daintrey,edaintreypm@typepad.com,Female,48.195.120.234
924,Elyse,Munson,emunsonpn@angelfire.com,Female,255.98.103.153
925,Manuel,Doiley,mdoileypo@umn.edu,Male,178.216.188.95
926,Sandy,Bielfelt,sbielfeltpp@ed.gov,Male,224.146.84.100
927,Lennard,Wadsworth,lwadsworthpq@furl.net,Male,17.252.196.3
928,Petrina,Thorbon,pthorbonpr@examiner.com,Female,49.17.60.60
929,Linoel,Cardinal,lcardinalps@wikipedia.org,Male,76.214.178.196
930,Cirstoforo,Raddish,craddishpt@twitpic.com,Male,128.165.105.190
931,Ansley,O'Lennachain,aolennachainpu@huffingtonpost.com,Female,164.215.63.58
932,Gino,Kermitt,gkermittpv@google.com.br,Male,35.192.29.232
933,Fraser,McAviy,fmcaviypw@bandcamp.com,Male,49.171.123.50
934,Ralph,Demogeot,rdemogeotpx@google.com,Male,129.140.137.66
935,Noreen,Babe,nbabepy@deviantart.com,Female,236.57.201.146
936,Robbie,Fairfull,rfairfullpz@simplemachines.org,Female,147.251.100.138
937,Mayne,Hance,mhanceq0@exblog.jp,Male,95.69.16.89
938,Boniface,Winchcum,bwinchcumq1@ucoz.com,Male,130.232.134.253
939,Dotti,Krystof,dkrystofq2@theglobeandmail.com,Female,153.43.26.110
940,Bucky,Skelton,bskeltonq3@deliciousdays.com,Male,53.86.99.198
941,Robinet,Harfoot,rharfootq4@cnet.com,Female,208.147.8.186
942,Gussy,Grafton,ggraftonq5@tumblr.com,Female,229.200.182.4
943,Katha,Preedy,kpreedyq6@oracle.com,Female,92.160.142.239
944,Jeno,Loade,jloadeq7@free.fr,Male,50.84.99.45
945,Niall,Luna,nlunaq8@forbes.com,Male,248.206.96.136
946,Brien,Hayward,bhaywardq9@over-blog.com,Male,90.139.14.57
947,Jessika,Hachette,jhachetteqa@digg.com,Female,213.114.79.149
948,Ase,Laing,alaingqb@cnn.com,Male,35.183.90.216
949,Noell,Caddies,ncaddiesqc@ovh.net,Female,134.6.94.73
950,Lorilyn,McGowran,lmcgowranqd@freewebs.com,Female,1.122.40.161
951,Guillemette,Giorgeschi,ggiorgeschiqe@ibm.com,Female,118.139.90.187
952,Alleyn,Passman,apassmanqf@moonfruit.com,Male,184.106.193.180
953,Andie,Ference,aferenceqg@answers.com,Male,240.31.98.55
954,Gabie,Walasik,gwalasikqh@skype.com,Female,131.180.180.119
955,Yolanthe,Pheazey,ypheazeyqi@newsvine.com,Female,188.108.43.242
956,Harold,Aidler,haidlerqj@seattletimes.com,Male,222.174.6.162
957,Charles,Gulliford,cgullifordqk@canalblog.com,Male,125.109.193.39
958,Barri,Headan,bheadanql@bloglines.com,Male,111.149.175.122
959,Regen,Week,rweekqm@amazon.de,Male,69.142.57.216
960,Marcello,Landrieu,mlandrieuqn@wsj.com,Male,207.218.163.107
961,Gunther,Petriello,gpetrielloqo@google.nl,Male,27.172.232.109
962,Antonino,Bannon,abannonqp@mozilla.org,Male,254.64.238.1
963,Ward,Ager,wagerqq@google.com.hk,Male,242.186.95.248
964,Marsha,Antosik,mantosikqr@yellowpages.com,Female,34.196.145.119
965,Arluene,Scarsbrook,ascarsbrookqs@sbwire.com,Female,228.139.214.32
966,Carlyn,Djekovic,cdjekovicqt@ovh.net,Female,207.32.104.100
967,Elvira,Newport,enewportqu@cnet.com,Female,212.186.190.173
968,Kermy,Pavlovic,kpavlovicqv@china.com.cn,Male,18.101.10.152
969,Mikkel,Cregin,mcreginqw@marriott.com,Male,59.112.145.144
970,Daron,Middlemist,dmiddlemistqx@ebay.co.uk,Male,130.151.54.233
971,Isak,Hookes,ihookesqy@wikipedia.org,Male,240.65.16.123
972,Basia,Griffiths,bgriffithsqz@house.gov,Female,203.156.202.7
973,Verna,Cruess,vcruessr0@plala.or.jp,Female,170.146.128.53
974,Roth,Wein,rweinr1@omniture.com,Male,160.217.51.208
975,Pearla,McWhin,pmcwhinr2@census.gov,Female,26.141.169.236
976,Giselle,Victoria,gvictoriar3@usgs.gov,Female,24.156.188.189
977,Mata,Gonneau,mgonneaur4@over-blog.com,Male,228.62.0.135
978,Amandie,Thripp,athrippr5@bbc.co.uk,Female,181.29.40.225
979,Hilda,Kirkwood,hkirkwoodr6@so-net.ne.jp,Female,126.96.92.83
980,Jenn,Ucchino,jucchinor7@goo.gl,Female,86.254.31.52
981,Giacobo,Blackburne,gblackburner8@shinystat.com,Male,171.116.106.137
982,Adara,Cowsby,acowsbyr9@intel.com,Female,1.32.163.107
983,Staford,Gorini,sgorinira@europa.eu,Male,117.193.212.128
984,Alonzo,Lidierth,alidierthrb@topsy.com,Male,209.218.223.44
985,Rance,Simioli,rsimiolirc@hhs.gov,Male,23.118.192.21
986,Den,Gosenell,dgosenellrd@weibo.com,Male,154.91.98.16
987,Gerianna,Marre,gmarrere@mozilla.com,Female,219.205.107.90
988,Moe,Richardeau,mrichardeaurf@ibm.com,Male,128.28.91.97
989,Madelyn,Goodfellow,mgoodfellowrg@psu.edu,Female,218.90.60.248
990,Mathilde,McKeefry,mmckeefryrh@ox.ac.uk,Female,95.75.187.5
991,Justino,Monksfield,jmonksfieldri@aboutads.info,Male,99.16.55.199
992,Ramsey,Gout,rgoutrj@miibeian.gov.cn,Male,70.92.61.61
993,Davine,Eilers,deilersrk@amazon.de,Female,11.249.57.134
994,Orelle,Dowderswell,odowderswellrl@google.co.uk,Female,129.125.199.59
995,Alexandre,Adame,aadamerm@si.edu,Male,153.225.104.72
996,Blinny,Zanioletti,bzaniolettirn@photobucket.com,Female,50.40.212.236
997,Ludovika,Georghiou,lgeorghiouro@sitemeter.com,Female,21.234.53.97
998,Marley,Duerden,mduerdenrp@a8.net,Female,50.101.60.74
999,Belva,Bummfrey,bbummfreyrq@freewebs.com,Female,190.224.57.224
1000,Lanita,Chavez,lchavezrr@globo.com,Female,92.141.182.59
